{"mean": [0.5490849041064146, 0.5841097633045, 0.5358755717672716, 0.49297798534230775, 0.7886884529130846, 0.7141308949477081, 0.47387908731058626, 0.3387360687426749, 0.0971913128021621, 0.20121117386146156, 0.06592411870951548, 0.053813272738357495, 0.062050470309040484], "std_before": [0.16718190305505445, 0.26913643806673615, 0.25855062908320625, 0.12272585714435273, 0.08112525336012112, 0.448084828096956, 0.31880066017892583, 0.36447537470061714, 0.27425040322118505, 0.1861934329566684, 0.07894638230509571, 0.1897105488047653, 0.028563937872029068], "std_after": [0.387896581720724, 0.3885352465600931, 0.3854486154139487, 0.3681754676381106, 0.4636959287228613, 0.41960570755942017, 0.3532711613788095, 0.2828754382109642, 0.12454427392667375, 0.22554827167583683, 0.13414558409113586, 0.029772650976273685, 0.1305256821262607], "std_bonus": [0.4309, 0.6926, 0.6707, 0.3333, 0.1749, 1.0678, 0.9024, 1.2884, 2.202, 0.8255, 0.5885, 6.3719, 0.2188]}