{
  "mean": [
    0.5490849041064146, 0.5841097633045, 0.5358755717672716, 0.49297798534230775, 0.7886884529130846, 0.7141308949477081, 0.47387908731058626, 0.3387360687426749, 0.0971913128021621, 0.20121117386146156, 0.06592411870951548, 0.053813272738357495, 0.062050470309040484
  ],
	"std": [
    0.16718190305505445, 0.26913643806673615, 0.25855062908320625, 0.12272585714435273, 0.08112525336012112, 0.448084828096956, 0.31880066017892583, 0.36447537470061714, 0.27425040322118505, 0.1861934329566684, 0.07894638230509571, 0.1897105488047653, 0.028563937872029068
  ],
	"min": [
    0.0, 0.0, 0.0, 0.0, -60.0, 0.0, 0.0, 0.0, 0.0, 0.0, 0.0, 0.0, 5108.0
  ],
	"max": [
    0.985, 1.0, 1.0, 244.091, 3.744, 1.0, 11.0, 0.996, 0.999, 1.0, 0.964, 1.0, 3816373.0
  ]
}